container_id,iter,podman_restore_duration,runtime_restore_duration,forking_time,restore_time,pages_restored
d86f408a55fe1a91883dc50f03afb662dc09b9a51ac5d63fd3d6f821e655305d,1,170800,88207,4,42168,117
0bd5a68db369f6a5d181c4de027e0cb98e0c75c5746fecda758727072ba9431d,2,154185,71331,4,40507,117
0c11b1ce640f626963d1807be3da7031a17a52513df19963f8763a51937d3c21,3,166466,81461,4,41524,118
af49b8f5e56754dcb10902e72435ef4e4c7b44ee55ac5c2b6f23b502a07726f3,4,252666,78985,4,44908,117
de5101d2036c077c21b8dc5c67a8bc5f96752f176507b6822d3e9825eaf39792,5,167776,91290,4,49251,117
34a8a50a86d9fa86f4e8c91e0bcec3bd154c2f29fdffea4a7c6a36ea827d2a03,6,152454,79912,4,42546,116
ae17dda19064282f539294bca911783faffa79ad534d009bb7d15f7a108c28fc,7,207605,88708,4,41730,117
f57227cb2ce5f491501db88566c25aaec6be5aca30e06cbdd0dd9222ee60d085,8,198250,98480,21,40732,116
213302a0e904369700d968c58927c92b1d202588d14d4ecb764fae23a09d99ae,9,210816,81363,4,45419,117
334ece5ead9470d3725431ffe1b344864ca44a2e8a9fe55ca5b871e2dd2bf71f,10,198609,85301,4,41375,117
87de4f804c233dd78284d3ab6494559da9fba83f9cd191a62e324a90958c5679,11,312305,69854,4,36552,117
7a868594ed3b7555c0c8d24503495c7477d48901c3d358c133b81555bd05fb4b,12,204278,73915,4,38504,116
3284af430b3559af28b1b41a919d635adb4978ab6439f2a7345f38f19f29d53a,13,199118,78227,4,44220,117
58849eb451ed497659f9175710d4c7d107287efcfa2bf3652c09d0691ce1af2e,14,167800,80529,3,39632,117
0f6c111205ea21e98cef70f27b06e67dddcf8f7c78a074748b609b4277b30b72,15,228936,138202,4,92783,117
db4f3a8f78f01f4c2f21dc92b954db0f3fc73e7e89a36bb9d50d86ede703cf0b,16,287647,92303,4,39005,116
91aa0c1a6283872529ae0c5865f0ba39c19bd34c916a90ae51ac39e3d644fb30,17,179541,87502,4,48497,116
ebceb892e2605bb03393e9c6054af5855288a03b2e8c4023cf9551ed7abfd983,18,159860,88315,4,44209,117
2561037afc9cbabc3df445058ffdff1652d7472f89dc64a81f4806b49f9ab012,19,185353,84368,4,43470,116
5677ae95aa7bbaf252647e38e2ebc8bbe4436ee5ed6d6c87f00d28d09507e728,20,183953,86869,3,38163,117
2d17fed38ed29f9590ed6f4e4704d32d990d76383c73ff872a6b20cde065121e,21,200741,97545,4,38557,116
bcb2f89b094e82868ccf656a0d0e6061216e355b24ef7781fa9aae29fe5408a9,22,188029,79430,4,38810,117
32705abeeb31ebdfc20662fca203b5f4f198c74be1f95be9faafce2442ee4d2d,23,181835,85476,4,38230,118
10e7196c0b2a885e943e7ffb5f710a3828dd497a733aa3af54e6d2c2db4a6a32,24,575996,112701,4,48113,117
bc3f7729aab66bff76ce813490d4ae9db38d0ca703660a6c91a30adfdf030e88,25,229577,87891,4,48550,117
d47ca07e29f6ce9437d33d73f3e6b375237aade1c91a2d5b878be49cec78863f,26,232945,81734,4,41778,116
c25630707484eea3a1a9cf99f1d712e2b3b88a61cd44c30d98530145ae630682,27,215880,81906,5,42414,117
677bda58725c0127e45ed4d5ed6da8bed2b50d45d10c6df7b9b1f4b59814270d,28,245708,82207,5,42796,117
ae2c445a304fa9b94d7264551e5983cb57382677b8472ae688ebb687a910409e,29,270483,95777,4,43287,116
dcde5039eaeccb986c94eb94638fa02226f314eb9fdf8e7e128c223e6e5cfb59,30,178085,91202,3,42683,116
bf02fe0137effd4b71dcddeabebea59d66f68cb51e4e66a96e117a464051b1e6,31,216891,82595,4,45112,116
392844553fa4388aec885c29c93e21472d8f18113b0c5f36a8a5942172dcbb49,32,257733,89635,4,44299,116
5adfc6793327d6ae4baa013c60e4b39e591e802c40c856626e1fc31c14ec5fac,33,180263,86151,4,46047,116
2c1fe9aa2be662f2443b4a8aa68d5eaa3ddb8e2a2c312276d0b07111ded8a1c8,34,182919,83903,4,40886,116
ee685e2a43b44898d538ec4da08bfa67c3d100ef1b6e984324d064ae1fe86bd0,35,487807,77110,4,40464,116
e56ba1d44138d7b2431a57862030f7cc1bfb212c068c9d756e23631d4c3fcbf8,36,295564,82740,4,42859,116
d793819cf32c086473a77947544bd9abcdc4eaac7d061e047d1fbf0fb9912d76,37,198219,77353,4,41251,118
c6b112bc60b79af5d07245a70ff8b2baf311126747bdf66e48fd7e9a0debbc9e,38,178414,76378,4,40138,117
b778c145476933525adc34355b0eedc38b2a0b3f203983465e735b467877fdf3,39,480354,81741,4,44460,118
98480d7e5ba454505179561b767f4825dc0cb04b98b49f1ac80b0696dc514105,40,156951,92011,4,44117,117
c4c913d29679d4ba63ee07059789efc4c3f12e5309bb40bdd2fb38ab640e13bd,41,215941,88255,4,44068,118
d0a63e1d51f140a9f7bf83d121e5e294eedc69338256e6d4860591f1dce55f96,42,273042,82641,4,44685,117
17f52794b896ffc6f810964c37ca553048e2ade1459fc3b641183eb883aee85f,43,276922,83971,4,43799,118
9c5470ea3f432e30ce3ef86a1263faaf08b955b0c3918ece59e548cf5405bc73,44,198484,85219,4,41705,118
77eaa5b21e3dfd59cfdf968dee8e810901e16702374e8ffc39364ae6790903fd,45,188828,93595,4,42555,116
c98f7cf812a71d11710d76d9633cb3940b27b600939b4a93e0933de9557ee765,46,201191,83704,5,46134,117
7cf613574e2c11534433c219b248b645f8da99549951af7daab77e9c2a2acdac,47,206176,104729,4,49249,116
76232fcfbe93bf28ef6aed402d29fc08a30cc2dee25fa3fda6226918d2ecb182,48,209870,78881,4,37965,117
8eb5eaecdad0a4249ead0522ced823d917378d59154ee2c41134b256dd2e9ef7,49,237498,91084,3,50772,116
2b49a2b4ff4167549f911886e3eb57b7a51c74d09d0f41b0b800c6084024c122,50,186187,79762,4,41002,117
