iter,scenario,elapsed,user,sys,CPU
1,ns_clear,0.999324578,0.014704000,0.000000000,0.014
1,scp_ckpt,1.646574615,0.007740000,0.005812000,0.008
1,create_ns,0.563061650,0.010287000,0.002833000,0.022
1,clear_arp,0.113638164,0.017572000,0.024665000,0.000
1,ns_clear_real,0.122711143,0.014006000,0.013791000,0.000
1,scp_ckpt_real,1.130707818,0.040923000,0.031124000,0.001
1,create_ns_real,0.067694243,0.016566000,0.003814000,0.000
1,perf_ckpt,1.744189030,0.014338000,0.000000000,0.008
1,perf_restore,0.883009412,0.007586000,0.005914000,0.014
2,ns_clear,1.267127438,0.009023000,0.003749000,0.010
2,scp_ckpt,1.707150764,0.010086000,0.002808000,0.007
2,create_ns,0.619865137,0.006974000,0.005547000,0.019
2,clear_arp,0.233043987,0.028477000,0.019613000,0.000
2,ns_clear_real,0.424593026,0.015857000,0.018194000,0.000
2,scp_ckpt_real,1.185873164,0.042499000,0.034601000,0.001
2,create_ns_real,0.092504868,0.013939000,0.006657000,0.000
2,perf_ckpt,1.840715459,0.007502000,0.005649000,0.007
2,perf_restore,0.763869935,0.006815000,0.005313000,0.015
3,ns_clear,1.250911648,0.012102000,0.001668000,0.010
3,scp_ckpt,1.715782815,0.013972000,0.001502000,0.009
3,create_ns,0.595039152,0.010892000,0.001564000,0.020
3,clear_arp,0.135073421,0.019147000,0.035034000,0.000
3,ns_clear_real,0.432713504,0.014606000,0.020167000,0.000
3,scp_ckpt_real,1.173092904,0.036922000,0.037178000,0.001
3,create_ns_real,0.101783727,0.012809000,0.006399000,0.000
3,perf_ckpt,1.628282133,0.006310000,0.006943000,0.008
3,perf_restore,0.794971297,0.005437000,0.007103000,0.015
4,ns_clear,1.267491930,0.003787000,0.008845000,0.009
4,scp_ckpt,1.740028584,0.012732000,0.001304000,0.008
4,create_ns,0.596952023,0.010925000,0.001370000,0.020
4,clear_arp,0.131158774,0.018846000,0.028793000,0.000
4,ns_clear_real,0.427715980,0.017137000,0.023329000,0.000
4,scp_ckpt_real,1.210394905,0.024143000,0.049657000,0.001
4,create_ns_real,0.096089993,0.015488000,0.002903000,0.000
4,perf_ckpt,1.806377399,0.009569000,0.004129000,0.007
4,perf_restore,0.942322680,0.012859000,0.000000000,0.013
5,ns_clear,1.238682095,0.007421000,0.006065000,0.010
5,scp_ckpt,1.666979744,0.007211000,0.005875000,0.008
5,create_ns,0.554792930,0.008110000,0.004443000,0.022
5,clear_arp,0.085107457,0.024740000,0.021110000,0.000
5,ns_clear_real,0.383492135,0.014983000,0.022953000,0.000
5,scp_ckpt_real,1.160581692,0.048867000,0.027477000,0.001
5,create_ns_real,0.067531372,0.010743000,0.008246000,0.000
5,perf_ckpt,1.781649611,0.013368000,0.000000000,0.007
5,perf_restore,0.751051384,0.007162000,0.005623000,0.016
6,ns_clear,0.972753900,0.008339000,0.013849000,0.022
6,scp_ckpt,1.620442571,0.008206000,0.004110000,0.007
6,create_ns,0.579009538,0.011592000,0.000000000,0.019
6,clear_arp,0.086242252,0.028190000,0.018889000,0.000
6,ns_clear_real,0.161914771,0.017924000,0.014201000,0.000
6,scp_ckpt_real,1.116492075,0.046122000,0.028459000,0.001
6,create_ns_real,0.063923012,0.014350000,0.005741000,0.000
6,perf_ckpt,1.659536328,0.005099000,0.007247000,0.007
6,perf_restore,0.738594503,0.010877000,0.001393000,0.016
7,ns_clear,0.941362531,0.007784000,0.006013000,0.014
7,scp_ckpt,1.649169230,0.012573000,0.000000000,0.007
7,create_ns,0.558344700,0.009024000,0.004629000,0.023
7,clear_arp,0.096067207,0.030449000,0.015902000,0.000
7,ns_clear_real,0.111175416,0.022081000,0.009011000,0.000
7,scp_ckpt_real,1.152276033,0.042433000,0.033088000,0.001
7,create_ns_real,0.054908306,0.014414000,0.004217000,0.000
7,perf_ckpt,1.608489632,0.005801000,0.007595000,0.008
7,perf_restore,0.721059060,0.007298000,0.005579000,0.017
8,ns_clear,1.015331597,0.007412000,0.005799000,0.012
8,scp_ckpt,1.872949668,0.008388000,0.003421000,0.006
8,create_ns,0.652023182,0.001513000,0.011078000,0.018
8,clear_arp,0.185554214,0.023470000,0.019769000,0.000
8,ns_clear_real,0.145766044,0.005088000,0.025671000,0.000
8,scp_ckpt_real,1.317183313,0.053037000,0.021398000,0.001
8,create_ns_real,0.156360500,0.010575000,0.008779000,0.000
8,perf_ckpt,1.873397780,0.013404000,0.000000000,0.007
8,perf_restore,0.807880365,0.007030000,0.005118000,0.014
9,ns_clear,1.270019510,0.007916000,0.006164000,0.010
9,scp_ckpt,1.731558189,0.013365000,0.001084000,0.008
9,create_ns,0.568661730,0.013892000,0.000000000,0.023
9,clear_arp,0.090215920,0.019902000,0.026537000,0.000
9,ns_clear_real,0.386893631,0.018859000,0.019042000,0.000
9,scp_ckpt_real,1.207315685,0.039408000,0.039444000,0.001
9,create_ns_real,0.061659789,0.018077000,0.000917000,0.000
9,perf_ckpt,1.688257906,0.014814000,0.000000000,0.008
9,perf_restore,0.790731332,0.011003000,0.004574000,0.019
10,ns_clear,0.935496707,0.006046000,0.007832000,0.014
10,scp_ckpt,1.645466402,0.006116000,0.007950000,0.008
10,create_ns,0.595172808,0.013348000,0.000000000,0.021
10,clear_arp,0.084180894,0.010198000,0.034811000,0.000
10,ns_clear_real,0.115913105,0.014498000,0.021075000,0.000
10,scp_ckpt_real,1.132109864,0.057021000,0.023854000,0.001
10,create_ns_real,0.073237643,0.011887000,0.007178000,0.000
10,perf_ckpt,1.713188691,0.013755000,0.000000000,0.008
10,perf_restore,0.802200944,0.007193000,0.005670000,0.015
11,ns_clear,0.940056077,0.011824000,0.001901000,0.014
11,scp_ckpt,1.679214645,0.003920000,0.009721000,0.008
11,create_ns,0.534517165,0.001767000,0.010725000,0.022
11,clear_arp,0.083058292,0.023307000,0.021169000,0.000
11,ns_clear_real,0.099898347,0.011068000,0.015828000,0.000
11,scp_ckpt_real,1.111326403,0.037673000,0.035821000,0.001
11,create_ns_real,0.051289181,0.014652000,0.004354000,0.000
11,perf_ckpt,1.606338463,0.013358000,0.000000000,0.008
11,perf_restore,0.830170491,0.010428000,0.002193000,0.014
12,ns_clear,0.931916701,0.000000000,0.014387000,0.015
12,scp_ckpt,1.650710402,0.014536000,0.000000000,0.008
12,create_ns,0.543709384,0.009453000,0.003793000,0.023
12,clear_arp,0.086355448,0.036969000,0.010899000,0.000
12,ns_clear_real,0.096534784,0.011083000,0.015609000,0.000
12,scp_ckpt_real,1.147435540,0.037656000,0.036846000,0.001
12,create_ns_real,0.056757985,0.010736000,0.007931000,0.000
12,perf_ckpt,1.870628862,0.008824000,0.006435000,0.008
12,perf_restore,0.719583970,0.009620000,0.003713000,0.017
13,ns_clear,0.938659431,0.007653000,0.006067000,0.014
13,scp_ckpt,1.712586349,0.010436000,0.002686000,0.007
13,create_ns,0.550087863,0.007945000,0.004623000,0.022
13,clear_arp,0.085482805,0.028156000,0.018992000,0.000
13,ns_clear_real,0.104724978,0.011768000,0.018251000,0.000
13,scp_ckpt_real,1.185970655,0.058037000,0.030526000,0.001
13,create_ns_real,0.064451091,0.017544000,0.001386000,0.000
13,perf_ckpt,1.773373762,0.008138000,0.006102000,0.008
13,perf_restore,0.740972184,0.009298000,0.003599000,0.016
14,ns_clear,0.965756841,0.012889000,0.000000000,0.013
14,scp_ckpt,1.607761005,0.010136000,0.002808000,0.008
14,create_ns,0.552029702,0.008690000,0.004490000,0.022
14,clear_arp,0.090040278,0.032279000,0.016567000,0.000
14,ns_clear_real,0.105713038,0.008729000,0.019976000,0.000
14,scp_ckpt_real,1.105913385,0.031233000,0.044649000,0.001
14,create_ns_real,0.067846315,0.007995000,0.010207000,0.000
14,perf_ckpt,1.593641049,0.011160000,0.004562000,0.009
14,perf_restore,0.727621052,0.011486000,0.001516000,0.017
15,ns_clear,1.009173602,0.006684000,0.005379000,0.011
15,scp_ckpt,1.777758496,0.008480000,0.004381000,0.007
15,create_ns,0.596952038,0.008418000,0.003432000,0.019
15,clear_arp,0.137166939,0.020015000,0.026393000,0.000
15,ns_clear_real,0.172856317,0.012511000,0.018291000,0.000
15,scp_ckpt_real,1.231345278,0.054003000,0.026278000,0.001
15,create_ns_real,0.069010427,0.012637000,0.009190000,0.000
15,perf_ckpt,1.710841375,0.012356000,0.000000000,0.007
15,perf_restore,0.803401989,0.011818000,0.000000000,0.014
16,ns_clear,0.970837069,0.011362000,0.001585000,0.013
16,scp_ckpt,1.691814040,0.012887000,0.000000000,0.007
16,create_ns,0.578384694,0.012167000,0.000000000,0.020
16,clear_arp,0.115041355,0.025791000,0.016144000,0.000
16,ns_clear_real,0.140688282,0.014248000,0.015764000,0.000
16,scp_ckpt_real,1.190992911,0.044641000,0.028872000,0.001
16,create_ns_real,0.093948926,0.010794000,0.007610000,0.000
16,perf_ckpt,1.713739146,0.013228000,0.000000000,0.007
16,perf_restore,0.705176633,0.006792000,0.005465000,0.017
17,ns_clear,1.224572563,0.012654000,0.000000000,0.010
17,scp_ckpt,1.743959098,0.001566000,0.010939000,0.007
17,create_ns,0.595703399,0.006977000,0.005447000,0.020
17,clear_arp,0.140397459,0.020138000,0.030161000,0.000
17,ns_clear_real,0.409235878,0.016198000,0.015473000,0.000
17,scp_ckpt_real,1.228108003,0.049975000,0.029044000,0.001
17,create_ns_real,0.099427237,0.012641000,0.006324000,0.000
17,perf_ckpt,1.621443131,0.013560000,0.000000000,0.008
17,perf_restore,0.753965546,0.007369000,0.005740000,0.017
18,ns_clear,0.991720948,0.011099000,0.001489000,0.012
18,scp_ckpt,1.730561430,0.012090000,0.000000000,0.007
18,create_ns,0.558695082,0.011009000,0.001473000,0.021
18,clear_arp,0.135518421,0.024149000,0.020515000,0.000
18,ns_clear_real,0.150909917,0.024319000,0.005548000,0.000
18,scp_ckpt_real,1.190917239,0.041561000,0.032292000,0.001
18,create_ns_real,0.072181879,0.017982000,0.002917000,0.000
18,perf_ckpt,1.803927442,0.010421000,0.002912000,0.007
18,perf_restore,0.794093303,0.009033000,0.003690000,0.015
19,ns_clear,0.958727654,0.013130000,0.000000000,0.013
19,scp_ckpt,1.692483095,0.008332000,0.004339000,0.007
19,create_ns,0.588300149,0.014228000,0.000000000,0.023
19,clear_arp,0.118315329,0.024413000,0.023246000,0.000
19,ns_clear_real,0.124618981,0.010280000,0.016898000,0.000
19,scp_ckpt_real,1.181079775,0.040213000,0.033668000,0.001
19,create_ns_real,0.089773919,0.011977000,0.006694000,0.000
19,perf_ckpt,1.780648623,0.010784000,0.003037000,0.007
19,perf_restore,0.732403440,0.011724000,0.001328000,0.017
20,ns_clear,0.972658534,0.007268000,0.005484000,0.013
20,scp_ckpt,1.684072838,0.009767000,0.004133000,0.008
20,create_ns,0.560606360,0.009982000,0.002823000,0.022
20,clear_arp,0.113150481,0.022764000,0.019692000,0.000
20,ns_clear_real,0.127814453,0.016148000,0.009264000,0.000
20,scp_ckpt_real,1.167947538,0.029944000,0.043255000,0.001
20,create_ns_real,0.077774940,0.008345000,0.010333000,0.000
20,perf_ckpt,1.625658859,0.007772000,0.006221000,0.008
20,perf_restore,0.771625497,0.007011000,0.005719000,0.016
21,ns_clear,0.969126357,0.013034000,0.000000000,0.013
21,scp_ckpt,1.762778433,0.012904000,0.000000000,0.007
21,create_ns,0.626043190,0.009206000,0.003831000,0.020
21,clear_arp,0.132607592,0.025440000,0.020131000,0.000
21,ns_clear_real,0.138127694,0.025643000,0.007155000,0.000
21,scp_ckpt_real,1.238750900,0.060804000,0.017737000,0.001
21,create_ns_real,0.137359442,0.017680000,0.001685000,0.000
21,perf_ckpt,1.585387740,0.013337000,0.000000000,0.008
21,perf_restore,0.787042340,0.001399000,0.011866000,0.016
22,ns_clear,0.983759004,0.011937000,0.005823000,0.017
22,scp_ckpt,1.622675572,0.013802000,0.000000000,0.008
22,create_ns,0.589725120,0.011378000,0.001821000,0.021
22,clear_arp,0.124325076,0.023723000,0.022830000,0.000
22,ns_clear_real,0.144617850,0.008982000,0.025564000,0.000
22,scp_ckpt_real,1.118713112,0.053124000,0.021053000,0.001
22,create_ns_real,0.106269444,0.012752000,0.005829000,0.000
22,perf_ckpt,1.483495999,0.011575000,0.002282000,0.009
22,perf_restore,0.756237239,0.014291000,0.000000000,0.018
23,ns_clear,1.023418100,0.013166000,0.001669000,0.014
23,scp_ckpt,1.720022984,0.011021000,0.001942000,0.007
23,create_ns,0.580028706,0.012188000,0.001968000,0.023
23,clear_arp,0.125596291,0.017204000,0.029856000,0.000
23,ns_clear_real,0.152730312,0.014283000,0.017236000,0.000
23,scp_ckpt_real,1.208123654,0.040464000,0.035305000,0.001
23,create_ns_real,0.093686232,0.014591000,0.003500000,0.000
23,perf_ckpt,1.892778497,0.013184000,0.000000000,0.007
23,perf_restore,0.744286585,0.012338000,0.000000000,0.016
24,ns_clear,0.991738709,0.011523000,0.001401000,0.012
24,scp_ckpt,1.687203862,0.009525000,0.002694000,0.007
24,create_ns,0.610235760,0.008188000,0.003459000,0.018
24,clear_arp,0.119935768,0.015060000,0.033478000,0.000
24,ns_clear_real,0.151088221,0.005514000,0.024308000,0.000
24,scp_ckpt_real,1.183203777,0.054679000,0.018380000,0.001
24,create_ns_real,0.112001252,0.015891000,0.002566000,0.000
24,perf_ckpt,1.368566943,0.013132000,0.000000000,0.009
24,perf_restore,0.761482261,0.011868000,0.000000000,0.015
25,ns_clear,1.022127847,0.010199000,0.004162000,0.013
25,scp_ckpt,1.661678762,0.007997000,0.006230000,0.008
25,create_ns,0.572149555,0.005866000,0.007578000,0.022
25,clear_arp,0.123960750,0.028399000,0.017104000,0.000
25,ns_clear_real,0.159222266,0.006063000,0.027418000,0.000
25,scp_ckpt_real,1.148260645,0.042970000,0.031409000,0.001
25,create_ns_real,0.092910210,0.014361000,0.006169000,0.000
25,perf_ckpt,1.734254425,0.010710000,0.004379000,0.008
25,perf_restore,0.754175858,0.012904000,0.000000000,0.016
26,ns_clear,0.963165156,0.009550000,0.003905000,0.013
26,scp_ckpt,1.702550375,0.000000000,0.012730000,0.007
26,create_ns,0.598430745,0.009296000,0.003748000,0.021
26,clear_arp,0.108780477,0.027167000,0.018222000,0.000
26,ns_clear_real,0.144526198,0.007061000,0.021817000,0.000
26,scp_ckpt_real,1.174811322,0.033868000,0.040919000,0.001
26,create_ns_real,0.098357048,0.010685000,0.007400000,0.000
26,perf_ckpt,1.624887810,0.010591000,0.004462000,0.009
26,perf_restore,0.807104253,0.013536000,0.000000000,0.016
27,ns_clear,0.976156180,0.006029000,0.007415000,0.013
27,scp_ckpt,1.696113234,0.000000000,0.012814000,0.007
27,create_ns,0.542193633,0.007344000,0.005430000,0.022
27,clear_arp,0.123810422,0.028252000,0.018184000,0.000
27,ns_clear_real,0.160835011,0.012675000,0.023852000,0.000
27,scp_ckpt_real,1.196347390,0.053322000,0.020724000,0.001
27,create_ns_real,0.051340571,0.008990000,0.010669000,0.000
27,perf_ckpt,1.639533285,0.012334000,0.002187000,0.008
27,perf_restore,0.773192939,0.010767000,0.005546000,0.020
28,ns_clear,1.006990494,0.014569000,0.002153000,0.016
28,scp_ckpt,1.759402049,0.015470000,0.000000000,0.008
28,create_ns,0.588788004,0.009403000,0.005254000,0.023
28,clear_arp,0.134687103,0.011798000,0.035462000,0.000
28,ns_clear_real,0.147844468,0.018478000,0.013982000,0.000
28,scp_ckpt_real,1.254115249,0.030232000,0.040623000,0.001
28,create_ns_real,0.093546554,0.015781000,0.003193000,0.000
28,perf_ckpt,1.996154500,0.014227000,0.003025000,0.008
28,perf_restore,0.763684148,0.001798000,0.012079000,0.017
29,ns_clear,1.293840708,0.012542000,0.001993000,0.011
29,scp_ckpt,1.706249901,0.012388000,0.001965000,0.008
29,create_ns,0.624795787,0.001993000,0.011427000,0.020
29,clear_arp,0.133736247,0.026306000,0.020372000,0.000
29,ns_clear_real,0.419513493,0.010645000,0.020924000,0.000
29,scp_ckpt_real,1.192833513,0.049987000,0.023578000,0.001
29,create_ns_real,0.124268692,0.017163000,0.005136000,0.000
29,perf_ckpt,1.502758428,0.010910000,0.004378000,0.010
29,perf_restore,0.843057333,0.002921000,0.010646000,0.015
30,ns_clear,0.957827811,0.010228000,0.004160000,0.014
30,scp_ckpt,1.671117632,0.006646000,0.008949000,0.009
30,create_ns,0.556726470,0.008487000,0.006279000,0.025
30,clear_arp,0.088346726,0.021453000,0.024789000,0.000
30,ns_clear_real,0.108661466,0.017075000,0.014069000,0.000
30,scp_ckpt_real,1.157161562,0.045777000,0.034982000,0.001
30,create_ns_real,0.059596827,0.014153000,0.005674000,0.000
30,perf_ckpt,1.625034565,0.010624000,0.004284000,0.009
30,perf_restore,0.806250406,0.008546000,0.006341000,0.017
31,ns_clear,0.931515344,0.005849000,0.007651000,0.014
31,scp_ckpt,1.794150302,0.008429000,0.004822000,0.007
31,create_ns,0.566482729,0.007618000,0.005579000,0.022
31,clear_arp,0.090329501,0.023769000,0.023503000,0.000
31,ns_clear_real,0.110381868,0.017729000,0.011820000,0.000
31,scp_ckpt_real,1.258337657,0.046145000,0.026844000,0.001
31,create_ns_real,0.078109170,0.005523000,0.013495000,0.000
31,perf_ckpt,1.526504618,0.007526000,0.005830000,0.008
31,perf_restore,0.739550447,0.007217000,0.005786000,0.017
32,ns_clear,1.242910066,0.011530000,0.002435000,0.011
32,scp_ckpt,1.662479296,0.007610000,0.005849000,0.008
32,create_ns,0.547164232,0.011242000,0.001811000,0.022
32,clear_arp,0.158643927,0.024713000,0.022425000,0.000
32,ns_clear_real,0.413349314,0.009270000,0.021140000,0.000
32,scp_ckpt_real,1.153326547,0.039860000,0.034035000,0.001
32,create_ns_real,0.060602384,0.013234000,0.005289000,0.000
32,perf_ckpt,1.804689798,0.014676000,0.000000000,0.008
32,perf_restore,0.882582581,0.004388000,0.008463000,0.014
33,ns_clear,0.996141491,0.003887000,0.009230000,0.013
33,scp_ckpt,1.817951901,0.005981000,0.006576000,0.007
33,create_ns,0.569414878,0.012319000,0.000000000,0.021
33,clear_arp,0.148023850,0.015893000,0.030342000,0.000
33,ns_clear_real,0.150509766,0.010286000,0.022450000,0.000
33,scp_ckpt_real,1.192275345,0.035247000,0.042068000,0.001
33,create_ns_real,0.068475812,0.013130000,0.006500000,0.000
33,perf_ckpt,1.895318256,0.009536000,0.004016000,0.007
33,perf_restore,0.868038655,0.009962000,0.002852000,0.014
34,ns_clear,1.256360602,0.005594000,0.007380000,0.010
34,scp_ckpt,1.679423225,0.000000000,0.013398000,0.008
34,create_ns,0.568071220,0.009884000,0.004061000,0.024
34,clear_arp,0.109622374,0.030825000,0.020405000,0.000
34,ns_clear_real,0.427943948,0.014114000,0.021914000,0.000
34,scp_ckpt_real,1.163770552,0.043546000,0.031560000,0.001
34,create_ns_real,0.067930265,0.009245000,0.010201000,0.000
34,perf_ckpt,1.831583257,0.013032000,0.000000000,0.007
34,perf_restore,0.785911408,0.001477000,0.011109000,0.015
35,ns_clear,0.950715336,0.007600000,0.005941000,0.013
35,scp_ckpt,1.697350997,0.003847000,0.009483000,0.007
35,create_ns,0.567672289,0.005644000,0.007336000,0.022
35,clear_arp,0.090174085,0.025719000,0.022842000,0.000
35,ns_clear_real,0.115590038,0.013038000,0.020752000,0.000
35,scp_ckpt_real,1.194125602,0.040155000,0.035155000,0.001
35,create_ns_real,0.077813861,0.010229000,0.017516000,0.000
35,perf_ckpt,1.680795301,0.014290000,0.000000000,0.008
35,perf_restore,0.777381649,0.013584000,0.000000000,0.017
36,ns_clear,0.946043905,0.007117000,0.005514000,0.013
36,scp_ckpt,1.580020995,0.005750000,0.007406000,0.008
36,create_ns,0.541442621,0.009368000,0.003784000,0.023
36,clear_arp,0.083234005,0.023436000,0.019120000,0.000
36,ns_clear_real,0.112650553,0.012359000,0.020746000,0.000
36,scp_ckpt_real,1.062607499,0.060402000,0.016926000,0.001
36,create_ns_real,0.053755041,0.013469000,0.007718000,0.000
36,perf_ckpt,1.629642425,0.012891000,0.000000000,0.007
36,perf_restore,0.746654663,0.008643000,0.003559000,0.016
37,ns_clear,0.944929048,0.013268000,0.000000000,0.013
37,scp_ckpt,1.701109356,0.013871000,0.000000000,0.008
37,create_ns,0.553541906,0.010743000,0.001674000,0.021
37,clear_arp,0.087075153,0.016152000,0.029939000,0.000
37,ns_clear_real,0.114932841,0.010794000,0.018120000,0.000
37,scp_ckpt_real,1.155613698,0.038640000,0.035182000,0.001
37,create_ns_real,0.059223651,0.011075000,0.007183000,0.000
37,perf_ckpt,1.749089561,0.013372000,0.000000000,0.007
37,perf_restore,0.785572590,0.006667000,0.005200000,0.014
38,ns_clear,0.980301093,0.005657000,0.007209000,0.013
38,scp_ckpt,1.627896801,0.005379000,0.007775000,0.008
38,create_ns,0.572653449,0.006889000,0.005286000,0.020
38,clear_arp,0.085772587,0.018770000,0.026235000,0.000
38,ns_clear_real,0.104941019,0.010170000,0.021421000,0.000
38,scp_ckpt_real,1.095911687,0.030633000,0.046917000,0.001
38,create_ns_real,0.060420355,0.013068000,0.005061000,0.000
38,perf_ckpt,1.638569852,0.014972000,0.000000000,0.009
38,perf_restore,0.745655626,0.005169000,0.007277000,0.016
39,ns_clear,1.028458277,0.006981000,0.005663000,0.012
39,scp_ckpt,2.033641895,0.013027000,0.000000000,0.006
39,create_ns,0.597977808,0.001256000,0.010550000,0.019
39,clear_arp,0.124099040,0.011103000,0.035285000,0.000
39,ns_clear_real,0.139251257,0.008044000,0.022194000,0.000
39,scp_ckpt_real,1.512914645,0.055429000,0.019601000,0.001
39,create_ns_real,0.089447258,0.014855000,0.003586000,0.000
39,perf_ckpt,6.644863846,0.013170000,0.000000000,0.002
39,perf_restore,0.724065299,0.009928000,0.002842000,0.017
40,ns_clear,0.992098961,0.007294000,0.005843000,0.013
40,scp_ckpt,1.770527777,0.009533000,0.004052000,0.007
40,create_ns,0.552722323,0.010377000,0.002992000,0.023
40,clear_arp,0.130138828,0.024740000,0.019619000,0.000
40,ns_clear_real,0.150239984,0.013641000,0.010908000,0.000
40,scp_ckpt_real,1.260530758,0.052411000,0.038227000,0.001
40,create_ns_real,0.060140551,0.018729000,0.000000000,0.000
40,perf_ckpt,1.569316743,0.010455000,0.004469000,0.009
40,perf_restore,0.774604397,0.009133000,0.004460000,0.017
41,ns_clear,0.980730200,0.007804000,0.006025000,0.013
41,scp_ckpt,1.779485549,0.007266000,0.005441000,0.007
41,create_ns,0.554619049,0.004378000,0.008570000,0.022
41,clear_arp,0.168320397,0.026065000,0.018656000,0.000
41,ns_clear_real,0.131706671,0.008994000,0.019710000,0.000
41,scp_ckpt_real,1.262334351,0.053757000,0.025783000,0.001
41,create_ns_real,0.059520660,0.012907000,0.007797000,0.000
41,perf_ckpt,1.726105150,0.009842000,0.003888000,0.008
41,perf_restore,0.840135514,0.008769000,0.003619000,0.014
42,ns_clear,0.993681890,0.009487000,0.003903000,0.013
42,scp_ckpt,1.710732074,0.001534000,0.011145000,0.007
42,create_ns,0.608042671,0.005882000,0.007437000,0.021
42,clear_arp,0.126345357,0.005171000,0.041033000,0.000
42,ns_clear_real,0.159504366,0.024362000,0.008889000,0.000
42,scp_ckpt_real,1.204937211,0.040727000,0.031626000,0.001
42,create_ns_real,0.118540264,0.016873000,0.002839000,0.000
42,perf_ckpt,1.638974142,0.007671000,0.005866000,0.008
42,perf_restore,0.765692666,0.009896000,0.002762000,0.016
43,ns_clear,0.947281409,0.012516000,0.002310000,0.015
43,scp_ckpt,1.758598108,0.009661000,0.002713000,0.007
43,create_ns,0.603846613,0.008610000,0.003513000,0.019
43,clear_arp,0.107715539,0.022234000,0.023078000,0.000
43,ns_clear_real,0.149348242,0.014426000,0.013637000,0.000
43,scp_ckpt_real,1.243119311,0.048388000,0.025125000,0.001
43,create_ns_real,0.105624196,0.013200000,0.006653000,0.000
43,perf_ckpt,1.605702687,0.012606000,0.000000000,0.007
43,perf_restore,0.787837688,0.008822000,0.003713000,0.015
44,ns_clear,0.951736433,0.001437000,0.011316000,0.013
44,scp_ckpt,1.718454235,0.007987000,0.004236000,0.007
44,create_ns,0.553677751,0.012536000,0.000000000,0.022
44,clear_arp,0.087753004,0.030073000,0.016568000,0.000
44,ns_clear_real,0.108344249,0.008776000,0.024070000,0.000
44,scp_ckpt_real,1.192016529,0.044638000,0.028563000,0.001
44,create_ns_real,0.056841823,0.012209000,0.006980000,0.000
44,perf_ckpt,1.895913965,0.006874000,0.005412000,0.006
44,perf_restore,0.757032208,0.006197000,0.009542000,0.020
45,ns_clear,0.947157504,0.007248000,0.005857000,0.013
45,scp_ckpt,1.655783250,0.010799000,0.003038000,0.008
45,create_ns,0.565433819,0.007734000,0.005982000,0.023
45,clear_arp,0.084983222,0.023659000,0.020852000,0.000
45,ns_clear_real,0.112026942,0.018104000,0.015768000,0.000
45,scp_ckpt_real,1.134319862,0.047560000,0.026881000,0.001
45,create_ns_real,0.065728148,0.010266000,0.008786000,0.000
45,perf_ckpt,1.725557394,0.009307000,0.003785000,0.007
45,perf_restore,0.780982265,0.013636000,0.000000000,0.017
46,ns_clear,0.951880576,0.010897000,0.001786000,0.013
46,scp_ckpt,1.664464542,0.006997000,0.005245000,0.007
46,create_ns,0.571544625,0.012381000,0.000000000,0.020
46,clear_arp,0.089736134,0.014054000,0.032447000,0.000
46,ns_clear_real,0.105788374,0.015737000,0.011249000,0.000
46,scp_ckpt_real,1.157830772,0.055378000,0.024788000,0.001
46,create_ns_real,0.062589418,0.010089000,0.007512000,0.000
46,perf_ckpt,1.771467840,0.007670000,0.005910000,0.007
46,perf_restore,0.757350651,0.007013000,0.006244000,0.017
47,ns_clear,0.912836479,0.004435000,0.008399000,0.013
47,scp_ckpt,1.706803029,0.000000000,0.013199000,0.007
47,create_ns,0.545289806,0.012333000,0.000000000,0.021
47,clear_arp,0.085057944,0.028218000,0.017413000,0.000
47,ns_clear_real,0.109498522,0.019528000,0.010275000,0.000
47,scp_ckpt_real,1.200619799,0.032304000,0.058497000,0.001
47,create_ns_real,0.061267903,0.014183000,0.004059000,0.000
47,perf_ckpt,1.821503991,0.009013000,0.003696000,0.007
47,perf_restore,0.799962732,0.001596000,0.010331000,0.014
48,ns_clear,0.948380049,0.009044000,0.004559000,0.014
48,scp_ckpt,1.621813848,0.005925000,0.006505000,0.007
48,create_ns,0.546183619,0.011605000,0.001437000,0.023
48,clear_arp,0.089754326,0.024751000,0.022025000,0.000
48,ns_clear_real,0.109542239,0.013794000,0.014302000,0.000
48,scp_ckpt_real,1.115923739,0.054052000,0.020210000,0.001
48,create_ns_real,0.060893341,0.012255000,0.006659000,0.000
48,perf_ckpt,1.781631861,0.014509000,0.000000000,0.008
48,perf_restore,0.786872110,0.001386000,0.012114000,0.017
49,ns_clear,0.944147838,0.013672000,0.000000000,0.014
49,scp_ckpt,1.714632845,0.011316000,0.003272000,0.008
49,create_ns,0.567378126,0.007450000,0.006094000,0.023
49,clear_arp,0.087566761,0.028524000,0.017016000,0.000
49,ns_clear_real,0.120078734,0.010434000,0.016237000,0.000
49,scp_ckpt_real,1.193430106,0.048856000,0.024795000,0.001
49,create_ns_real,0.055037833,0.010603000,0.008056000,0.000
49,perf_ckpt,1.537720253,0.007807000,0.006258000,0.009
49,perf_restore,0.750096565,0.008377000,0.005634000,0.018
50,ns_clear,0.982892363,0.009710000,0.003774000,0.013
50,scp_ckpt,1.656625248,0.011119000,0.001932000,0.007
50,create_ns,0.542084582,0.010788000,0.002692000,0.023
50,clear_arp,0.085217468,0.017210000,0.027369000,0.000
50,ns_clear_real,0.137193155,0.014477000,0.014893000,0.000
50,scp_ckpt_real,1.136328040,0.027430000,0.044877000,0.001
50,create_ns_real,0.050884772,0.009266000,0.009505000,0.000
50,perf_ckpt,1.831841130,0.011245000,0.002965000,0.007
50,perf_restore,0.738788866,0.010889000,0.002393000,0.017
